customer_id,customer_name,orders_count,total_revenue
333,First333 Last333,7,379129.15
136,First136 Last136,10,377903.03
289,First289 Last289,6,354267.75
276,First276 Last276,9,339667.83999999997
275,First275 Last275,8,337308.5399999999
328,First328 Last328,8,305172.27
327,First327 Last327,5,298474.85
125,First125 Last125,6,295429.38999999996
208,First208 Last208,7,293810.76
196,First196 Last196,6,281086.54000000004
